Student_ID,Skills,Tools,Certification,Past_Project_Descriptions
Alice Johnson,"Python, Data Analysis, Machine Learning","Jupyter Notebook, Pandas, Scikit-Learn","Data Science Professional Certificate, Machine Learning by Stanford University","Sentiment Analysis Tool, Automated Trading Bot"
Bob Smith,"JavaScript, React, Node.js","Visual Studio Code, Git, npm","Full-Stack Web Development by Coursera, React Developer Certification","Personal Portfolio Website, Real-Time Chat Application"
Carol Martinez,"HTML, CSS, JavaScript","Chrome DevTools, Bootstrap, Sass","Front-End Web Development Nanodegree, Responsive Web Design","Personal Blog Platform, Online Code Editor"
David Lee,"Python, Deep Learning, Computer Vision","TensorFlow, Keras, OpenCV","Deep Learning Specialization by Coursera, Computer Vision Certification","Image Classification System, Face Recognition Attendance System"
Eva Brown,"C++, IoT, Embedded Systems","Arduino IDE, Raspberry Pi, MATLAB","IoT Specialization, Embedded Systems Certification","Smart Home Automation System, Smart Parking System"
Frank Wilson,"Java, Android Development, Mobile Development","Android Studio, Firebase, Git","Android Developer Nanodegree, Java Programming Certification","Weather Forecasting App, Travel Planning App"
Grace Taylor,"Python, NLP, Machine Learning","NLTK, SpaCy, Scikit-Learn","Natural Language Processing Specialization, Machine Learning Certification","Automated Resume Parser, AI-Powered Chat Application"
Henry White,"HTML, CSS, JavaScript, React","Visual Studio Code, Git, Webpack","React Developer Certification, Front-End Web Development","Personal Blog Platform, Online Quiz Platform"
Isabella Harris,"Python, Data Analysis, Machine Learning","Jupyter Notebook, Pandas, Scikit-Learn","Data Science Professional Certificate, Machine Learning by Stanford University","Sentiment Analysis Tool, Automated Trading Bot"
Jack Robinson,"JavaScript, Angular, Node.js","Visual Studio Code, Git, npm","Full-Stack Web Development by Coursera, Angular Developer Certification","Personal Portfolio Website, Real-Time Chat Application"
Kelly Clark,"Python, Deep Learning, Computer Vision","TensorFlow, Keras, OpenCV","Deep Learning Specialization by Coursera, Computer Vision Certification","Image Classification System, Face Recognition Attendance System"
Leo Allen,"C++, IoT, Embedded Systems","Arduino IDE, Raspberry Pi, MATLAB","IoT Specialization, Embedded Systems Certification","Smart Home Automation System, Smart Parking System"
Mia Scott,"Java, Android Development, Mobile Development","Android Studio, Firebase, Git","Android Developer Nanodegree, Java Programming Certification","Weather Forecasting App, Travel Planning App"
Noah King,"Python, NLP, Machine Learning","NLTK, SpaCy, Scikit-Learn","Natural Language Processing Specialization, Machine Learning Certification","Automated Resume Parser, AI-Powered Chat Application"
Olivia Wright,"HTML, CSS, JavaScript, React","Visual Studio Code, Git, Webpack","React Developer Certification, Front-End Web Development","Personal Blog Platform, Online Quiz Platform"
Paul Lopez,"Python, Data Analysis, Machine Learning","Jupyter Notebook, Pandas, Scikit-Learn","Data Science Professional Certificate, Machine Learning by Stanford University","Sentiment Analysis Tool, Automated Trading Bot"
Quinn Hill,"JavaScript, Angular, Node.js","Visual Studio Code, Git, npm","Full-Stack Web Development by Coursera, Angular Developer Certification","Personal Portfolio Website, Real-Time Chat Application"
Ruby Adams,"Python, Deep Learning, Computer Vision","TensorFlow, Keras, OpenCV","Deep Learning Specialization by Coursera, Computer Vision Certification","Image Classification System, Face Recognition Attendance System"
Sam Edwards,"C++, IoT, Embedded Systems","Arduino IDE, Raspberry Pi, MATLAB","IoT Specialization, Embedded Systems Certification","Smart Home Automation System, Smart Parking System"
Tina Collins,"Java, Android Development, Mobile Development","Android Studio, Firebase, Git","Android Developer Nanodegree, Java Programming Certification","Weather Forecasting App, Travel Planning App"
Uma Turner,"Python, NLP, Machine Learning","NLTK, SpaCy, Scikit-Learn","Natural Language Processing Specialization, Machine Learning Certification","Automated Resume Parser, AI-Powered Chat Application"
Victor Phillips,"HTML, CSS, JavaScript, React","Visual Studio Code, Git, Webpack","React Developer Certification, Front-End Web Development","Personal Blog Platform, Online Quiz Platform"
Wendy Campbell,"Python, Data Analysis, Machine Learning","Jupyter Notebook, Pandas, Scikit-Learn","Data Science Professional Certificate, Machine Learning by Stanford University","Sentiment Analysis Tool, Automated Trading Bot"
Xavier Parker,"JavaScript, Angular, Node.js","Visual Studio Code, Git, npm","Full-Stack Web Development by Coursera, Angular Developer Certification","Personal Portfolio Website, Real-Time Chat Application"
Yolanda Evans,"Python, Deep Learning, Computer Vision","TensorFlow, Keras, OpenCV","Deep Learning Specialization by Coursera, Computer Vision Certification","Image Classification System, Face Recognition Attendance System"
Zachary Sanchez,"C++, IoT, Embedded Systems","Arduino IDE, Raspberry Pi, MATLAB","IoT Specialization, Embedded Systems Certification","Smart Home Automation System, Smart Parking System"
Amy Rivera,"Java, Android Development, Mobile Development","Android Studio, Firebase, Git","Android Developer Nanodegree, Java Programming Certification","Weather Forecasting App, Travel Planning App"
Brian Brooks,"Python, NLP, Machine Learning","NLTK, SpaCy, Scikit-Learn","Natural Language Processing Specialization, Machine Learning Certification","Automated Resume Parser, AI-Powered Chat Application"
Cindy Bell,"HTML, CSS, JavaScript, React","Visual Studio Code, Git, Webpack","React Developer Certification, Front-End Web Development","Personal Blog Platform, Online Quiz Platform"
Daniel Morgan,"Python, Data Analysis, Machine Learning","Jupyter Notebook, Pandas, Scikit-Learn","Data Science Professional Certificate, Machine Learning by Stanford University","Sentiment Analysis Tool, Automated Trading Bot"
